date,mean_air_temp
1/01/2013,17.6
2/01/2013,20
3/01/2013,15.4
4/01/2013,16.4
5/01/2013,18
6/01/2013,20.5
7/01/2013,19.9
8/01/2013,18.6
9/01/2013,20.7
10/01/2013,20.6
11/01/2013,23.3
12/01/2013,23.6
13/01/2013,23.2
14/01/2013,20.1
15/01/2013,19.3
16/01/2013,18.3
17/01/2013,17.8
18/01/2013,16.4
19/01/2013,19.1
20/01/2013,20.3
21/01/2013,20.1
22/01/2013,21.5
23/01/2013,19.8
24/01/2013,21.8
25/01/2013,20.1
26/01/2013,19.1
27/01/2013,18.9
28/01/2013,18.4
29/01/2013,20.7
30/01/2013,19.8
31/01/2013,20.2
1/02/2013,20.5
2/02/2013,21.9
3/02/2013,22.5
4/02/2013,19.4
5/02/2013,16.6
6/02/2013,16.6
7/02/2013,19
8/02/2013,19.6
9/02/2013,19.7
10/02/2013,18.1
11/02/2013,19.2
12/02/2013,20.5
13/02/2013,18.5
14/02/2013,20.1
15/02/2013,21.1
16/02/2013,19.1
17/02/2013,19.9
18/02/2013,21.5
19/02/2013,20.6
20/02/2013,20
21/02/2013,20.1
22/02/2013,20.2
23/02/2013,20.8
24/02/2013,20.4
25/02/2013,19
26/02/2013,20.1
27/02/2013,20.5
28/02/2013,22.3
1/03/2013,19.5
2/03/2013,20.3
3/03/2013,20.9
4/03/2013,20
5/03/2013,19.2
6/03/2013,19.8
7/03/2013,20
8/03/2013,21.8
9/03/2013,18.9
10/03/2013,20
11/03/2013,21.5
12/03/2013,20.2
13/03/2013,20.6
14/03/2013,19.6
15/03/2013,20.5
16/03/2013,20.8
17/03/2013,20.9
18/03/2013,20.8
19/03/2013,16.7
20/03/2013,16.9
21/03/2013,17.2
22/03/2013,17.6
23/03/2013,16.6
24/03/2013,17.6
25/03/2013,17.2
26/03/2013,18.9
27/03/2013,18.8
28/03/2013,18.8
29/03/2013,19.3
30/03/2013,20.2
31/03/2013,20.6
1/04/2013,18.8
2/04/2013,20.4
3/04/2013,20.3
4/04/2013,16.4
5/04/2013,14.9
6/04/2013,12.2
7/04/2013,12.4
8/04/2013,13.9
9/04/2013,15.2
10/04/2013,13.8
11/04/2013,16
12/04/2013,16.1
13/04/2013,15.9
14/04/2013,18.4
15/04/2013,17.8
16/04/2013,19.4
17/04/2013,18.5
18/04/2013,16
19/04/2013,17.9
20/04/2013,19.3
21/04/2013,18.9
22/04/2013,14.8
23/04/2013,16.6
24/04/2013,15.7
25/04/2013,17.4
26/04/2013,16.5
27/04/2013,17.5
28/04/2013,16.9
29/04/2013,16.4
30/04/2013,17.6
1/05/2013,16
2/05/2013,16
3/05/2013,18
4/05/2013,14.4
5/05/2013,15.2
6/05/2013,12.5
7/05/2013,14.6
8/05/2013,14
9/05/2013,10.9
10/05/2013,11.8
11/05/2013,11.7
12/05/2013,12
13/05/2013,15.3
14/05/2013,16.5
15/05/2013,14.5
16/05/2013,18
17/05/2013,16.1
18/05/2013,15.9
19/05/2013,13.4
20/05/2013,15.6
21/05/2013,13.1
22/05/2013,13.3
23/05/2013,11.7
24/05/2013,12.1
25/05/2013,14.7
26/05/2013,14.6
27/05/2013,12.9
28/05/2013,7.2
29/05/2013,9.6
30/05/2013,11
31/05/2013,12.6
1/06/2013,11.5
2/06/2013,11.8
3/06/2013,12.8
4/06/2013,14.1
5/06/2013,12.3
6/06/2013,12.6
7/06/2013,11.7
8/06/2013,14.5
9/06/2013,10.6
10/06/2013,11.1
11/06/2013,13.4
12/06/2013,15.5
13/06/2013,15.3
14/06/2013,14.2
15/06/2013,15.3
16/06/2013,13
17/06/2013,15
18/06/2013,15.4
19/06/2013,11.3
20/06/2013,8.6
21/06/2013,11
22/06/2013,10.9
23/06/2013,7.2
24/06/2013,11.2
25/06/2013,11.4
26/06/2013,11.5
27/06/2013,8.2
28/06/2013,6.6
29/06/2013,10.7
30/06/2013,9.3
1/07/2013,10.1
2/07/2013,11.2
3/07/2013,11.3
4/07/2013,14.7
5/07/2013,14.8
6/07/2013,10.9
7/07/2013,12.1
8/07/2013,10
9/07/2013,10.6
10/07/2013,9.1
11/07/2013,8.6
12/07/2013,9.8
13/07/2013,10.5
14/07/2013,10.2
15/07/2013,6.3
16/07/2013,9
17/07/2013,12.3
18/07/2013,12.9
19/07/2013,12.2
20/07/2013,13.3
21/07/2013,9.8
22/07/2013,10.6
23/07/2013,12.3
24/07/2013,11.9
25/07/2013,12.8
26/07/2013,12.8
27/07/2013,9.8
28/07/2013,10.4
29/07/2013,10
30/07/2013,12
31/07/2013,13.7
1/08/2013,13.7
2/08/2013,12.6
3/08/2013,14.6
4/08/2013,15.7
5/08/2013,13.7
6/08/2013,13
7/08/2013,12.1
8/08/2013,13
9/08/2013,13.9
10/08/2013,13.3
11/08/2013,13.1
12/08/2013,11.4
13/08/2013,13
14/08/2013,13.3
15/08/2013,11.6
16/08/2013,11.4
17/08/2013,13.3
18/08/2013,12.1
19/08/2013,13.2
20/08/2013,13.5
21/08/2013,10.8
22/08/2013,12.2
23/08/2013,9.9
24/08/2013,12.7
25/08/2013,12.3
26/08/2013,13
27/08/2013,10.5
28/08/2013,13.8
29/08/2013,9.9
30/08/2013,9.7
31/08/2013,10.6
1/09/2013,10.6
2/09/2013,10.8
3/09/2013,10.6
4/09/2013,11.2
5/09/2013,9.5
6/09/2013,11.9
7/09/2013,14.7
8/09/2013,13.3
9/09/2013,12
10/09/2013,14.7
11/09/2013,16.6
12/09/2013,14
13/09/2013,14.6
14/09/2013,10.8
15/09/2013,11.5
16/09/2013,13.1
17/09/2013,9.5
18/09/2013,12
19/09/2013,14
20/09/2013,16.9
21/09/2013,15.5
22/09/2013,14.9
23/09/2013,16.5
24/09/2013,14.1
25/09/2013,14.4
26/09/2013,15.4
27/09/2013,16.1
28/09/2013,13.2
29/09/2013,14.5
30/09/2013,14.9
1/10/2013,11.8
2/10/2013,14.1
3/10/2013,13.7
4/10/2013,16.4
5/10/2013,15.9
6/10/2013,15
7/10/2013,13.7
8/10/2013,14.9
9/10/2013,12.2
10/10/2013,14.7
11/10/2013,14.3
12/10/2013,14.3
13/10/2013,16.2
14/10/2013,16.8
15/10/2013,14
16/10/2013,14.3
17/10/2013,13.1
18/10/2013,16.1
19/10/2013,15.4
20/10/2013,15.4
21/10/2013,14.7
22/10/2013,16.7
23/10/2013,16.4
24/10/2013,15.7
25/10/2013,14.7
26/10/2013,12.8
27/10/2013,14.5
28/10/2013,12.1
29/10/2013,12.7
30/10/2013,15.8
31/10/2013,17.1
1/11/2013,14.4
2/11/2013,13.5
3/11/2013,12.6
4/11/2013,15.8
5/11/2013,14.7
6/11/2013,15.7
7/11/2013,13
8/11/2013,16.8
9/11/2013,16.5
10/11/2013,17.2
11/11/2013,17.3
12/11/2013,15.1
13/11/2013,15
14/11/2013,14.7
15/11/2013,15.6
16/11/2013,18.4
17/11/2013,18.5
18/11/2013,20.3
19/11/2013,19
20/11/2013,18.9
21/11/2013,16.9
22/11/2013,18.4
23/11/2013,20.4
24/11/2013,19.2
25/11/2013,21.4
26/11/2013,19.7
27/11/2013,19.4
28/11/2013,18
29/11/2013,19.4
30/11/2013,18.9
1/12/2013,15.7
2/12/2013,18.3
3/12/2013,18.9
4/12/2013,17.9
5/12/2013,19
6/12/2013,18.7
7/12/2013,16.7
8/12/2013,17.1
9/12/2013,18
10/12/2013,16.3
11/12/2013,17.2
12/12/2013,19.7
13/12/2013,18.3
14/12/2013,20.1
15/12/2013,20.9
16/12/2013,20.8
17/12/2013,20.2
18/12/2013,19
19/12/2013,17.4
20/12/2013,17.5
21/12/2013,19
22/12/2013,17.9
23/12/2013,18.3
24/12/2013,19.4
25/12/2013,17
26/12/2013,16.4
27/12/2013,18.7
28/12/2013,17.9
29/12/2013,18.3
30/12/2013,16.8
31/12/2013,16.1
1/01/2014,17.6
2/01/2014,18.7
3/01/2014,22.5
4/01/2014,22.9
5/01/2014,18.7
6/01/2014,16.4
7/01/2014,20.4
8/01/2014,18.1
9/01/2014,15.3
10/01/2014,18.3
11/01/2014,18.7
12/01/2014,19
13/01/2014,19.8
14/01/2014,18.7
15/01/2014,18.5
16/01/2014,19.5
17/01/2014,18.4
18/01/2014,16.7
19/01/2014,21.3
20/01/2014,19.2
21/01/2014,19.9
22/01/2014,19.9
23/01/2014,18.7
24/01/2014,17.5
25/01/2014,21
26/01/2014,18.5
27/01/2014,16.8
28/01/2014,16.9
29/01/2014,20.7
30/01/2014,18.6
31/01/2014,19.8
1/02/2014,18.2
2/02/2014,19.5
3/02/2014,18.9
4/02/2014,19.9
5/02/2014,21.1
6/02/2014,20.6
7/02/2014,20.8
8/02/2014,21.7
9/02/2014,21.9
10/02/2014,21.1
11/02/2014,17.8
12/02/2014,19.7
13/02/2014,19.1
14/02/2014,19
15/02/2014,18.8
16/02/2014,20.6
17/02/2014,22.1
18/02/2014,21.8
19/02/2014,20.9
20/02/2014,21.1
21/02/2014,23.3
22/02/2014,22.1
23/02/2014,18.4
24/02/2014,18.9
25/02/2014,17.8
26/02/2014,20.1
27/02/2014,18.3
28/02/2014,20.3
1/03/2014,17.7
2/03/2014,18.3
3/03/2014,16.4
4/03/2014,17.8
5/03/2014,16.9
6/03/2014,16.6
7/03/2014,17
8/03/2014,18.6
9/03/2014,19.4
10/03/2014,18.3
11/03/2014,18.9
12/03/2014,18.2
13/03/2014,19
14/03/2014,19.3
15/03/2014,20.3
16/03/2014,18.3
17/03/2014,19.3
18/03/2014,21.2
19/03/2014,17.7
20/03/2014,19.3
21/03/2014,18.3
22/03/2014,19.3
23/03/2014,19
24/03/2014,17.6
25/03/2014,19.4
26/03/2014,18.2
27/03/2014,17.4
28/03/2014,17.8
29/03/2014,16.5
30/03/2014,17.6
31/03/2014,18
1/04/2014,19.9
2/04/2014,18.6
3/04/2014,17.3
4/04/2014,19.5
5/04/2014,19.5
6/04/2014,15.3
7/04/2014,19.8
8/04/2014,22
9/04/2014,19.9
10/04/2014,19.6
11/04/2014,17.2
12/04/2014,17.3
13/04/2014,20
14/04/2014,20.4
15/04/2014,20.2
16/04/2014,19.2
17/04/2014,21.3
18/04/2014,20
19/04/2014,18
20/04/2014,15.5
21/04/2014,16.9
22/04/2014,15.6
23/04/2014,13.8
24/04/2014,16.9
25/04/2014,17
26/04/2014,13.1
27/04/2014,15.9
28/04/2014,14.4
29/04/2014,13.7
30/04/2014,12
1/05/2014,13.7
2/05/2014,12.8
3/05/2014,14.7
4/05/2014,18.2
5/05/2014,15
6/05/2014,17.4
7/05/2014,17.3
8/05/2014,14.5
9/05/2014,14.4
10/05/2014,12.2
11/05/2014,14.5
12/05/2014,14.4
13/05/2014,15.5
14/05/2014,13.5
15/05/2014,12.4
16/05/2014,11.1
17/05/2014,13.6
18/05/2014,14
19/05/2014,14.2
20/05/2014,13.4
21/05/2014,15.2
22/05/2014,14.7
23/05/2014,16.8
24/05/2014,16.7
25/05/2014,15.8
26/05/2014,8.1
27/05/2014,6.4
28/05/2014,9
29/05/2014,13.1
30/05/2014,13.2
31/05/2014,10.6
1/06/2014,12.7
2/06/2014,12.7
3/06/2014,13.8
4/06/2014,12.2
5/06/2014,13.2
6/06/2014,12.6
7/06/2014,13.8
8/06/2014,16.8
9/06/2014,15.7
10/06/2014,12.4
11/06/2014,13.9
12/06/2014,14.4
13/06/2014,12
14/06/2014,10.5
15/06/2014,11.7
16/06/2014,14.5
17/06/2014,14.1
18/06/2014,11.7
19/06/2014,13.1
20/06/2014,11.4
21/06/2014,12.9
22/06/2014,12.1
23/06/2014,14.1
24/06/2014,15.5
25/06/2014,15.5
26/06/2014,14.2
27/06/2014,12.5
28/06/2014,9.6
29/06/2014,11.2
30/06/2014,11.5
1/07/2014,11.9
2/07/2014,9.9
3/07/2014,9.9
4/07/2014,11.8
5/07/2014,12.5
6/07/2014,12.7
7/07/2014,13.1
8/07/2014,12.6
9/07/2014,13.3
10/07/2014,14.4
11/07/2014,14.3
16/07/2014,8.4
17/07/2014,6.6
18/07/2014,6.3
19/07/2014,8.3
20/07/2014,11.1
21/07/2014,9.2
22/07/2014,6.5
23/07/2014,8.9
24/07/2014,12
25/07/2014,9.1
26/07/2014,11.8
27/07/2014,8.7
28/07/2014,8.1
29/07/2014,12.1
30/07/2014,12.9
31/07/2014,12.7
1/08/2014,13.9
2/08/2014,16.7
3/08/2014,8.8
4/08/2014,11.6
5/08/2014,13.1
6/08/2014,12
7/08/2014,11.9
8/08/2014,9.4
9/08/2014,8.2
10/08/2014,9.6
11/08/2014,12.4
12/08/2014,11.2
13/08/2014,11.4
14/08/2014,10.2
15/08/2014,13.2
16/08/2014,13.3
17/08/2014,12.2
18/08/2014,11.9
19/08/2014,13.2
20/08/2014,13.8
21/08/2014,8.7
22/08/2014,10.7
23/08/2014,10.3
24/08/2014,10.5
25/08/2014,11.4
26/08/2014,11.1
27/08/2014,12
28/08/2014,12.4
29/08/2014,14
30/08/2014,11.9
31/08/2014,10.9
1/09/2014,11.9
2/09/2014,14.1
3/09/2014,13
4/09/2014,15.3
5/09/2014,15.4
6/09/2014,13.8
7/09/2014,14.5
8/09/2014,11.4
9/09/2014,14.3
10/09/2014,12.4
11/09/2014,14.9
12/09/2014,15
13/09/2014,14.4
14/09/2014,11
15/09/2014,13.6
16/09/2014,12.6
17/09/2014,10.9
18/09/2014,14.2
19/09/2014,12.6
20/09/2014,10.4
21/09/2014,12.1
22/09/2014,8.1
23/09/2014,14.9
24/09/2014,13.3
25/09/2014,14
26/09/2014,13.1
27/09/2014,15.5
28/09/2014,12.4
29/09/2014,13.7
30/09/2014,14.4
1/10/2014,14.8
2/10/2014,13
3/10/2014,12.6
4/10/2014,11.6
5/10/2014,13.7
6/10/2014,13.5
7/10/2014,10.8
8/10/2014,15.6
9/10/2014,14.6
10/10/2014,14.6
11/10/2014,15.8
12/10/2014,15.2
13/10/2014,14.9
14/10/2014,15.4
15/10/2014,13.9
16/10/2014,16.3
17/10/2014,17.3
18/10/2014,15
19/10/2014,15
20/10/2014,13.8
21/10/2014,16.2
22/10/2014,16.4
23/10/2014,14.9
24/10/2014,10.9
25/10/2014,11.5
26/10/2014,14.3
27/10/2014,15.7
28/10/2014,17.4
29/10/2014,14.1
30/10/2014,14.7
31/10/2014,17.1
1/11/2014,17.8
2/11/2014,17.5
3/11/2014,12.7
4/11/2014,12.5
5/11/2014,12.8
6/11/2014,12.1
7/11/2014,12.4
8/11/2014,12.5
9/11/2014,14.1
10/11/2014,16.7
11/11/2014,15.1
12/11/2014,12.6
13/11/2014,13.5
14/11/2014,16.1
15/11/2014,14.8
16/11/2014,14.1
17/11/2014,16.8
18/11/2014,14
19/11/2014,15.8
20/11/2014,14.5
21/11/2014,17.5
22/11/2014,17.2
23/11/2014,16.7
24/11/2014,18.1
25/11/2014,20.1
26/11/2014,14.9
27/11/2014,18.1
28/11/2014,14.5
29/11/2014,15.5
30/11/2014,16.1
1/12/2014,12.9
2/12/2014,13.5
3/12/2014,16.1
4/12/2014,15.5
5/12/2014,19.1
6/12/2014,18.2
7/12/2014,20.7
8/12/2014,21.4
9/12/2014,18.8
10/12/2014,20.4
11/12/2014,18.7
12/12/2014,16.6
13/12/2014,15.9
14/12/2014,15.8
15/12/2014,17.2
16/12/2014,16.6
17/12/2014,18.8
18/12/2014,18.2
19/12/2014,20.2
20/12/2014,19.5
21/12/2014,17.9
22/12/2014,18.6
23/12/2014,20.7
24/12/2014,18.2
25/12/2014,18.1
26/12/2014,18.2
27/12/2014,18.7
28/12/2014,19.2
29/12/2014,19.6
30/12/2014,20.1
31/12/2014,19.3
1/01/2015,16.2
2/01/2015,19.2
3/01/2015,17.7
4/01/2015,20.4
5/01/2015,19
6/01/2015,19.2
7/01/2015,20.4
8/01/2015,21
9/01/2015,19.2
10/01/2015,20.8
11/01/2015,22.1
12/01/2015,23.2
13/01/2015,21.2
14/01/2015,20.8
15/01/2015,21.7
16/01/2015,22.2
17/01/2015,21.3
18/01/2015,22.1
19/01/2015,22
20/01/2015,22.2
21/01/2015,19.3
22/01/2015,20.3
23/01/2015,21.9
24/01/2015,22.8
25/01/2015,22.4
26/01/2015,21.5
27/01/2015,22.8
28/01/2015,21.7
29/01/2015,22.6
30/01/2015,23.5
31/01/2015,21.5
1/02/2015,21.4
2/02/2015,24.3
3/02/2015,20.6
4/02/2015,18.6
5/02/2015,20.4
6/02/2015,19.1
7/02/2015,20.8
8/02/2015,20
9/02/2015,19.8
10/02/2015,18.7
11/02/2015,19.3
12/02/2015,19
13/02/2015,19.7
14/02/2015,20.1
15/02/2015,18.7
16/02/2015,18.3
17/02/2015,18.4
18/02/2015,19.9
19/02/2015,20.1
20/02/2015,20
21/02/2015,21.2
22/02/2015,19.8
23/02/2015,20.3
24/02/2015,17.5
25/02/2015,20.5
26/02/2015,20.8
27/02/2015,19.1
28/02/2015,20.6
1/03/2015,21.7
2/03/2015,21.4
3/03/2015,21.9
4/03/2015,20.5
5/03/2015,23.5
6/03/2015,20.4
7/03/2015,20.7
8/03/2015,19.8
9/03/2015,18.4
10/03/2015,20.5
11/03/2015,22.2
12/03/2015,20.9
13/03/2015,20.1
14/03/2015,22.6
15/03/2015,19.3
16/03/2015,20.4
17/03/2015,19
18/03/2015,17.8
19/03/2015,16.6
20/03/2015,18.7
21/03/2015,17.6
22/03/2015,19.4
23/03/2015,19.1
24/03/2015,16.4
25/03/2015,18.9
26/03/2015,19.4
27/03/2015,21.1
28/03/2015,20.3
29/03/2015,19
30/03/2015,18.2
31/03/2015,16.7
1/04/2015,17.6
2/04/2015,17.8
3/04/2015,17.1
4/04/2015,18.6
5/04/2015,17.7
6/04/2015,17.4
7/04/2015,19.1
8/04/2015,21.2
9/04/2015,19
10/04/2015,20.7
11/04/2015,18.3
12/04/2015,17.2
13/04/2015,14.1
14/04/2015,11.5
15/04/2015,14.8
16/04/2015,13.9
17/04/2015,16.9
18/04/2015,14.7
19/04/2015,17.7
20/04/2015,17.3
21/04/2015,16.7
22/04/2015,16.8
23/04/2015,16.3
24/04/2015,15.9
25/04/2015,17.8
26/04/2015,19.1
27/04/2015,18.5
28/04/2015,15.4
29/04/2015,16.5
30/04/2015,11.9
1/05/2015,14.7
2/05/2015,16.6
3/05/2015,13.3
4/05/2015,15.9
5/05/2015,15.9
6/05/2015,18.3
7/05/2015,19.8
8/05/2015,14
9/05/2015,14.6
10/05/2015,14.2
11/05/2015,16
12/05/2015,13.2
13/05/2015,14.4
14/05/2015,15.2
15/05/2015,11.4
16/05/2015,12.8
17/05/2015,11.8
18/05/2015,14.6
19/05/2015,11.7
20/05/2015,13.7
21/05/2015,15.2
22/05/2015,13.9
23/05/2015,13.4
24/05/2015,13.2
25/05/2015,11.8
26/05/2015,11.2
27/05/2015,10.5
28/05/2015,9.3
29/05/2015,11.5
30/05/2015,13.3
31/05/2015,13.9
1/06/2015,16.1
2/06/2015,15.8
3/06/2015,13
4/06/2015,13.1
5/06/2015,11.6
6/06/2015,11.6
7/06/2015,10.3
8/06/2015,11.6
9/06/2015,11.1
10/06/2015,13.6
11/06/2015,11.9
12/06/2015,13.6
13/06/2015,14.5
14/06/2015,14.4
15/06/2015,11.3
16/06/2015,8.5
17/06/2015,11.1
18/06/2015,11.8
19/06/2015,16.5
20/06/2015,13.8
21/06/2015,12.5
22/06/2015,7.7
23/06/2015,5.3
24/06/2015,7.8
25/06/2015,10.9
26/06/2015,14.5
27/06/2015,13.3
28/06/2015,13.7
29/06/2015,14
30/06/2015,13.2
1/07/2015,11.6
2/07/2015,10.5
3/07/2015,12
4/07/2015,13.1
5/07/2015,12.1
6/07/2015,13.8
7/07/2015,12.5
8/07/2015,7.2
9/07/2015,7.4
10/07/2015,5
11/07/2015,5.4
12/07/2015,7.3
13/07/2015,10
14/07/2015,12.6
15/07/2015,11.6
16/07/2015,10.8
17/07/2015,11.2
18/07/2015,12.3
19/07/2015,11.1
20/07/2015,8.8
21/07/2015,11.1
22/07/2015,9.3
23/07/2015,9.6
24/07/2015,9.4
25/07/2015,10.9
26/07/2015,13.3
27/07/2015,12.7
28/07/2015,12.4
29/07/2015,8.5
30/07/2015,9.4
31/07/2015,9.3
1/08/2015,12
2/08/2015,13.7
3/08/2015,14.2
4/08/2015,13.5
5/08/2015,12.7
6/08/2015,12.1
7/08/2015,11.4
8/08/2015,8.7
9/08/2015,8.3
10/08/2015,6.8
11/08/2015,7
12/08/2015,7
13/08/2015,10.5
14/08/2015,11
15/08/2015,11
16/08/2015,11.4
17/08/2015,12.3
18/08/2015,10.4
19/08/2015,11.6
20/08/2015,9.2
21/08/2015,9
22/08/2015,10.7
23/08/2015,11.6
24/08/2015,14.2
25/08/2015,11.1
26/08/2015,10.9
27/08/2015,8.9
28/08/2015,9.8
29/08/2015,12.8
30/08/2015,14.5
31/08/2015,14.2
1/09/2015,13.2
2/09/2015,14.6
3/09/2015,12.5
4/09/2015,11.4
5/09/2015,12.3
6/09/2015,11.2
7/09/2015,12.7
8/09/2015,11.6
9/09/2015,12
10/09/2015,11.4
11/09/2015,10.7
12/09/2015,11.5
13/09/2015,10.9
14/09/2015,13.8
15/09/2015,13.4
16/09/2015,10.3
17/09/2015,16.7
18/09/2015,12.7
19/09/2015,13.6
20/09/2015,10.9
21/09/2015,12.7
22/09/2015,12.8
23/09/2015,13.2
24/09/2015,13.9
25/09/2015,12.6
26/09/2015,12.6
27/09/2015,12.8
28/09/2015,7.2
29/09/2015,12.1
30/09/2015,12.9
1/10/2015,15.8
2/10/2015,14.5
3/10/2015,14.5
4/10/2015,16.1
5/10/2015,12.7
6/10/2015,14.3
7/10/2015,15.6
8/10/2015,12.2
9/10/2015,13.7
10/10/2015,14.5
11/10/2015,14.1
12/10/2015,14.5
13/10/2015,15.8
14/10/2015,15.5
15/10/2015,16.3
16/10/2015,15.4
17/10/2015,13.3
18/10/2015,14.5
19/10/2015,14.6
20/10/2015,14
21/10/2015,15.4
22/10/2015,17
23/10/2015,18.2
24/10/2015,13.1
25/10/2015,12.9
26/10/2015,15
27/10/2015,15.3
28/10/2015,17.2
29/10/2015,14.8
30/10/2015,13.8
31/10/2015,16.2
1/11/2015,13
2/11/2015,13.2
3/11/2015,17.1
4/11/2015,12.7
5/11/2015,13.4
6/11/2015,14.1
7/11/2015,17.8
8/11/2015,16
9/11/2015,16.7
10/11/2015,19.8
11/11/2015,18.4
12/11/2015,13.6
13/11/2015,12
14/11/2015,15.1
15/11/2015,17.1
16/11/2015,15.1
17/11/2015,16.4
18/11/2015,13
19/11/2015,15.5
20/11/2015,17.9
21/11/2015,16.7
22/11/2015,15.1
23/11/2015,15.3
24/11/2015,19.2
25/11/2015,20.6
26/11/2015,19.9
27/11/2015,21.8
28/11/2015,18.7
29/11/2015,19.3
30/11/2015,20.3
1/12/2015,18.6
2/12/2015,16.9
3/12/2015,18.2
4/12/2015,18.3
5/12/2015,18.1
6/12/2015,18.8
7/12/2015,18.1
8/12/2015,18.1
9/12/2015,18.7
10/12/2015,19.1
11/12/2015,19.5
12/12/2015,21
13/12/2015,16.9
14/12/2015,17.2
15/12/2015,17.3
16/12/2015,16.5
17/12/2015,17
18/12/2015,18.2
19/12/2015,18.2
20/12/2015,19.3
21/12/2015,20.2
22/12/2015,20.8
23/12/2015,20.8
24/12/2015,16.2
25/12/2015,17.9
26/12/2015,19.7
27/12/2015,20.5
28/12/2015,21.2
29/12/2015,19.6
30/12/2015,20.9
31/12/2015,22.5
1/01/2016,17.8
2/01/2016,19.2
3/01/2016,21.2
4/01/2016,17.5
5/01/2016,15.8
6/01/2016,19.1
7/01/2016,20.4
8/01/2016,21.4
9/01/2016,19.8
10/01/2016,19.7
11/01/2016,21.3
12/01/2016,17.1
13/01/2016,19.9
14/01/2016,19.7
15/01/2016,19.2
16/01/2016,23.2
17/01/2016,22.6
18/01/2016,20.4
19/01/2016,20.1
20/01/2016,21.2
21/01/2016,21.6
22/01/2016,20.6
23/01/2016,22
24/01/2016,23.4
25/01/2016,22.2
26/01/2016,25.1
28/01/2016,24.5
29/01/2016,22.2
30/01/2016,24.6
31/01/2016,23.8
1/02/2016,21.4
2/02/2016,23.8
3/02/2016,22.8
4/02/2016,21.9
5/02/2016,21.4
6/02/2016,23
7/02/2016,22.2
8/02/2016,22.1
9/02/2016,21.7
10/02/2016,23.1
11/02/2016,21.1
12/02/2016,23.5
13/02/2016,22.1
14/02/2016,22.5
15/02/2016,24.1
16/02/2016,22
17/02/2016,21.2
18/02/2016,21.9
19/02/2016,19.6
20/02/2016,20.4
21/02/2016,21.4
22/02/2016,22.3
23/02/2016,20.1
24/02/2016,20.4
25/02/2016,21
26/02/2016,23.3
27/02/2016,24
28/02/2016,24.2
29/02/2016,20.3
1/03/2016,19.3
2/03/2016,19
3/03/2016,18.6
4/03/2016,19.9
5/03/2016,20.3
6/03/2016,22.3
7/03/2016,22.3
8/03/2016,22.8
9/03/2016,18.2
10/03/2016,21.7
11/03/2016,17.9
12/03/2016,16.6
13/03/2016,17.2
14/03/2016,19.3
15/03/2016,20.2
16/03/2016,22.2
17/03/2016,20.8
18/03/2016,20.5
19/03/2016,21.2
20/03/2016,19.7
21/03/2016,21.7
22/03/2016,22.7
23/03/2016,21
24/03/2016,20.2
25/03/2016,21.3
26/03/2016,19.9
27/03/2016,19.5
28/03/2016,19
29/03/2016,21.1
30/03/2016,19.2
31/03/2016,19.6
1/04/2016,19.8
2/04/2016,21.6
3/04/2016,20.1
4/04/2016,18.7
5/04/2016,16.6
6/04/2016,14.8
7/04/2016,15.5
8/04/2016,16.1
9/04/2016,14.8
10/04/2016,17.3
11/04/2016,17.6
12/04/2016,20.1
13/04/2016,16.7
14/04/2016,14.6
15/04/2016,17.1
16/04/2016,17.5
17/04/2016,17.7
18/04/2016,18.3
19/04/2016,18.4
20/04/2016,16.7
21/04/2016,18.9
22/04/2016,15.8
23/04/2016,17.4
24/04/2016,16.1
25/04/2016,18.1
26/04/2016,15.5
27/04/2016,16.9
28/04/2016,17
29/04/2016,16.9
30/04/2016,17.2
1/05/2016,17
2/05/2016,16.4
3/05/2016,16.2
4/05/2016,18.9
5/05/2016,19.9
6/05/2016,16.8
7/05/2016,18.2
8/05/2016,15.9
9/05/2016,16.4
10/05/2016,19
11/05/2016,18.6
12/05/2016,15.8
13/05/2016,17.7
14/05/2016,16.6
15/05/2016,17.3
16/05/2016,16.9
17/05/2016,14.1
18/05/2016,16.6
19/05/2016,16.4
20/05/2016,16.1
21/05/2016,14.1
22/05/2016,14.5
23/05/2016,13.2
24/05/2016,14.8
25/05/2016,13.2
26/05/2016,14.1
27/05/2016,16
28/05/2016,18.2
29/05/2016,14.9
30/05/2016,13
31/05/2016,9.9
1/06/2016,10.5
2/06/2016,8.2
3/06/2016,9.1
4/06/2016,10.2
5/06/2016,11.7
6/06/2016,12.3
7/06/2016,15.9
8/06/2016,16.1
9/06/2016,17.2
10/06/2016,15.1
11/06/2016,14.2
12/06/2016,13.6
13/06/2016,10.4
14/06/2016,13.3
15/06/2016,11.7
16/06/2016,11
17/06/2016,12.1
18/06/2016,11.8
19/06/2016,12.7
20/06/2016,13.9
21/06/2016,15.9
22/06/2016,15.8
23/06/2016,13.5
24/06/2016,13
25/06/2016,13.5
26/06/2016,12.3
27/06/2016,13.5
28/06/2016,14.1
29/06/2016,12.5
30/06/2016,10.2
1/07/2016,6.4
2/07/2016,6.8
3/07/2016,8.2
4/07/2016,10.7
5/07/2016,11.3
6/07/2016,12.4
7/07/2016,13.7
8/07/2016,13.6
9/07/2016,9.9
10/07/2016,10.8
11/07/2016,10.1
12/07/2016,9.8
13/07/2016,10.9
14/07/2016,13.2
15/07/2016,12.7
16/07/2016,13.1
17/07/2016,13.2
18/07/2016,12.9
19/07/2016,14.4
20/07/2016,12.9
21/07/2016,11.6
22/07/2016,12.9
23/07/2016,16
24/07/2016,13.8
25/07/2016,12.2
26/07/2016,11.2
27/07/2016,14
28/07/2016,13.5
29/07/2016,11.7
30/07/2016,12.3
31/07/2016,9.9
1/08/2016,11.6
2/08/2016,12.6
3/08/2016,13.8
4/08/2016,9.4
5/08/2016,11.2
6/08/2016,9.6
7/08/2016,7.3
8/08/2016,8
9/08/2016,10.4
10/08/2016,9.3
11/08/2016,11.4
12/08/2016,13.9
13/08/2016,9.2
14/08/2016,12.8
15/08/2016,10.8
16/08/2016,11.4
17/08/2016,11.2
18/08/2016,10.9
19/08/2016,11.9
20/08/2016,10.1
21/08/2016,10.8
22/08/2016,10.8
23/08/2016,12.7
24/08/2016,11.9
25/08/2016,15.4
26/08/2016,14.3
27/08/2016,10.8
28/08/2016,13.4
29/08/2016,12.1
30/08/2016,11.9
31/08/2016,12.7
1/09/2016,12.6
2/09/2016,15.9
3/09/2016,15.8
4/09/2016,16.5
5/09/2016,14.1
6/09/2016,11.3
7/09/2016,12.6
8/09/2016,9.2
9/09/2016,10.8
10/09/2016,9.2
11/09/2016,10.8
12/09/2016,11.4
13/09/2016,14.6
14/09/2016,15.9
15/09/2016,14
16/09/2016,17.2
17/09/2016,14
18/09/2016,14.7
19/09/2016,12.7
20/09/2016,13.8
21/09/2016,13.4
22/09/2016,16.4
23/09/2016,15.8
24/09/2016,15.1
25/09/2016,14.1
26/09/2016,16
27/09/2016,16.7
28/09/2016,14.4
29/09/2016,15.7
30/09/2016,16.1
1/10/2016,16
2/10/2016,14.4
3/10/2016,14
4/10/2016,15.9
5/10/2016,15.9
6/10/2016,13.2
7/10/2016,13.7
8/10/2016,16.6
9/10/2016,14.7
10/10/2016,13.8
11/10/2016,17.9
12/10/2016,13.8
13/10/2016,13.1
14/10/2016,12.9
15/10/2016,13.6
16/10/2016,14.4
17/10/2016,15.2
18/10/2016,14.9
19/10/2016,18.1
20/10/2016,16.6
21/10/2016,14.6
22/10/2016,15
23/10/2016,15.7
24/10/2016,16.4
25/10/2016,14.3
26/10/2016,15.1
27/10/2016,16
28/10/2016,15.7
29/10/2016,14
30/10/2016,12.5
31/10/2016,10.9
1/11/2016,16.4
2/11/2016,14.7
3/11/2016,16.2
4/11/2016,14.6
5/11/2016,17.4
6/11/2016,18.8
7/11/2016,15.3
8/11/2016,16.3
9/11/2016,18.7
10/11/2016,19
11/11/2016,18.1
12/11/2016,15.3
13/11/2016,15
14/11/2016,18.4
15/11/2016,17.5
16/11/2016,15.4
17/11/2016,14.1
18/11/2016,16.8
19/11/2016,15.3
20/11/2016,16.6
21/11/2016,17
22/11/2016,17.7
23/11/2016,17.3
24/11/2016,19.9
25/11/2016,16.3
26/11/2016,17.3
27/11/2016,15.7
28/11/2016,15.6
29/11/2016,18.5
30/11/2016,15
1/12/2016,17.5
2/12/2016,17.3
3/12/2016,17.6
4/12/2016,18.2
5/12/2016,20
6/12/2016,18.9
7/12/2016,18.7
8/12/2016,16.5
9/12/2016,21.6
10/12/2016,16.1
11/12/2016,16.8
12/12/2016,16.7
13/12/2016,16.9
14/12/2016,16.1
15/12/2016,17.7
16/12/2016,17.8
17/12/2016,16.5
18/12/2016,17.9
19/12/2016,16.6
20/12/2016,17.1
21/12/2016,19.9
22/12/2016,18.6
23/12/2016,16.4
24/12/2016,18.3
25/12/2016,18.4
26/12/2016,17.6
27/12/2016,17.5
28/12/2016,18.3
29/12/2016,15.6
30/12/2016,18.1
31/12/2016,17.9
1/01/2017,20.3
2/01/2017,21.5
3/01/2017,20.4
4/01/2017,16.7
5/01/2017,14.8
6/01/2017,17.6
7/01/2017,19.7
8/01/2017,18.1
9/01/2017,20.5
10/01/2017,21.3
11/01/2017,19.8
12/01/2017,21.6
13/01/2017,18.8
14/01/2017,22.9
15/01/2017,20
16/01/2017,19.7
17/01/2017,19.8
18/01/2017,22.2
19/01/2017,16.3
20/01/2017,15.7
21/01/2017,19.5
22/01/2017,19.5
23/01/2017,20
24/01/2017,20.4
25/01/2017,17.8
26/01/2017,19.3
27/01/2017,20.1
28/01/2017,20.2
29/01/2017,21.4
30/01/2017,22.9
31/01/2017,21.8
1/02/2017,22.4
2/02/2017,23.7
3/02/2017,19.3
4/02/2017,21.3
5/02/2017,20.9
6/02/2017,24.9
7/02/2017,25.9
8/02/2017,19.1
9/02/2017,18.4
10/02/2017,19.3
11/02/2017,18.6
12/02/2017,22.4
13/02/2017,22.7
14/02/2017,19.5
15/02/2017,20.8
16/02/2017,17.4
17/02/2017,21.4
18/02/2017,24.1
19/02/2017,22.3
20/02/2017,21.4
21/02/2017,20.5
22/02/2017,22.6
23/02/2017,24.1
24/02/2017,22.3
25/02/2017,22.2
26/02/2017,21.3
27/02/2017,22
28/02/2017,21.6
1/03/2017,22.4
2/03/2017,20.5
3/03/2017,21.1
4/03/2017,22.1
5/03/2017,20.4
6/03/2017,20.7
7/03/2017,19.4
8/03/2017,17.6
9/03/2017,21.8
10/03/2017,20.8
11/03/2017,21.7
12/03/2017,20.6
13/03/2017,18.8
14/03/2017,18.2
15/03/2017,16.9
16/03/2017,19.1
17/03/2017,21.1
18/03/2017,19.3
19/03/2017,19.2
20/03/2017,21.5
21/03/2017,20.7
22/03/2017,22
23/03/2017,19.2
24/03/2017,19.7
25/03/2017,20.8
26/03/2017,20.6
27/03/2017,21.1
28/03/2017,21.8
29/03/2017,18.2
30/03/2017,18.8
31/03/2017,18.3
1/04/2017,19.1
2/04/2017,21.7
3/04/2017,23.8
4/04/2017,19.7
5/04/2017,18.8
6/04/2017,17.1
7/04/2017,15.8
8/04/2017,17.3
9/04/2017,17
10/04/2017,20
11/04/2017,21.8
12/04/2017,19.4
13/04/2017,16.8
14/04/2017,18.8
15/04/2017,16.6
16/04/2017,16.8
17/04/2017,16.4
18/04/2017,15.4
19/04/2017,16.1
20/04/2017,15.5
21/04/2017,15.9
22/04/2017,16.2
23/04/2017,18.1
24/04/2017,15.1
25/04/2017,15.4
26/04/2017,15.7
27/04/2017,15.4
28/04/2017,18.8
29/04/2017,17.6
30/04/2017,15.3
1/05/2017,11.6
2/05/2017,10.8
3/05/2017,15.1
4/05/2017,15.4
5/05/2017,13
6/05/2017,13.5
7/05/2017,14.1
8/05/2017,14.5
9/05/2017,17.7
10/05/2017,18.5
11/05/2017,16.7
12/05/2017,12.8
13/05/2017,10
14/05/2017,14.8
15/05/2017,13.4
16/05/2017,15.5
17/05/2017,18.4
18/05/2017,16
19/05/2017,13.9
20/05/2017,12.5
21/05/2017,8.2
22/05/2017,8.3
23/05/2017,11.2
24/05/2017,12.4
25/05/2017,14.3
26/05/2017,16.8
27/05/2017,16.4
28/05/2017,15.8
29/05/2017,15.6
30/05/2017,13.2
31/05/2017,13.5
1/06/2017,14.4
2/06/2017,13.6
3/06/2017,11.3
4/06/2017,12.5
5/06/2017,11.1
6/06/2017,10.7
7/06/2017,11.6
8/06/2017,10.5
9/06/2017,12.5
10/06/2017,12.4
11/06/2017,12.5
12/06/2017,14.2
13/06/2017,15.1
14/06/2017,11.8
15/06/2017,14
16/06/2017,12.8
17/06/2017,13.1
18/06/2017,14.1
19/06/2017,13.1
20/06/2017,15.3
21/06/2017,14.9
22/06/2017,15.4
23/06/2017,15.6
24/06/2017,12
25/06/2017,13.1
26/06/2017,9.6
27/06/2017,9.3
28/06/2017,12.8
29/06/2017,10.5
30/06/2017,11.5
1/07/2017,11.3
2/07/2017,11.8
3/07/2017,10.6
4/07/2017,12.7
5/07/2017,13
6/07/2017,13.5
7/07/2017,12.4
8/07/2017,13.2
9/07/2017,12.9
10/07/2017,11.2
11/07/2017,12.1
12/07/2017,9.1
13/07/2017,8.7
14/07/2017,7.7
15/07/2017,9.7
16/07/2017,10.7
17/07/2017,11.3
18/07/2017,11.4
19/07/2017,12.9
20/07/2017,14
21/07/2017,11.8
22/07/2017,11.7
23/07/2017,12.5
24/07/2017,12.8
25/07/2017,12.4
26/07/2017,11.3
27/07/2017,12.4
28/07/2017,9.6
29/07/2017,5.5
30/07/2017,7.8
31/07/2017,9.8
1/08/2017,13
2/08/2017,13.3
3/08/2017,8.9
4/08/2017,8.8
5/08/2017,12.2
6/08/2017,14.8
7/08/2017,16
8/08/2017,15.9
9/08/2017,13
10/08/2017,12.5
11/08/2017,13.6
12/08/2017,12.4
13/08/2017,13.2
14/08/2017,11
15/08/2017,11.6
16/08/2017,12.5
17/08/2017,12.4
18/08/2017,13
19/08/2017,13.9
20/08/2017,12.1
21/08/2017,11
22/08/2017,9
23/08/2017,10.9
24/08/2017,11.9
25/08/2017,12.4
26/08/2017,15.7
27/08/2017,15.3
28/08/2017,13.3
29/08/2017,13.7
30/08/2017,14.8
31/08/2017,13
1/09/2017,14.7
2/09/2017,13.3
3/09/2017,13
4/09/2017,13.4
5/09/2017,15.5
6/09/2017,14.2
7/09/2017,13.3
8/09/2017,14.1
9/09/2017,10.6
10/09/2017,10.5
11/09/2017,11
12/09/2017,12.7
13/09/2017,16.1
14/09/2017,15.4
15/09/2017,16.2
16/09/2017,11.7
17/09/2017,13.6
18/09/2017,11.6
19/09/2017,10.4
20/09/2017,15
21/09/2017,13.1
22/09/2017,13.7
23/09/2017,15.1
24/09/2017,15.8
25/09/2017,16.4
26/09/2017,16
27/09/2017,16
28/09/2017,14.2
29/09/2017,14.3
30/09/2017,12.7
1/10/2017,12.9
2/10/2017,14.5
3/10/2017,15.6
4/10/2017,15.3
5/10/2017,15.4
6/10/2017,15.9
7/10/2017,16.2
8/10/2017,17.1
9/10/2017,16.7
10/10/2017,15.9
11/10/2017,14.2
12/10/2017,14
13/10/2017,16.1
14/10/2017,15.3
15/10/2017,14.4
16/10/2017,15.3
17/10/2017,14.9
18/10/2017,11.9
19/10/2017,15.5
20/10/2017,15.4
21/10/2017,15.9
22/10/2017,14.2
23/10/2017,13
24/10/2017,15.6
25/10/2017,15.7
26/10/2017,17.6
27/10/2017,17.3
28/10/2017,17.5
29/10/2017,18.2
30/10/2017,16.2
31/10/2017,18.1
1/11/2017,17.5
2/11/2017,18.7
3/11/2017,19.4
4/11/2017,16.6
5/11/2017,17.4
6/11/2017,13
7/11/2017,17
8/11/2017,14
9/11/2017,15.6
10/11/2017,15.2
11/11/2017,14.4
12/11/2017,13.2
13/11/2017,15.2
14/11/2017,14.6
15/11/2017,14.8
16/11/2017,17.6
17/11/2017,19.3
18/11/2017,16.5
19/11/2017,17.7
20/11/2017,18.6
21/11/2017,19.9
22/11/2017,17.1
23/11/2017,19.6
24/11/2017,20.1
25/11/2017,19.1
26/11/2017,18.2
27/11/2017,20
28/11/2017,18.7
29/11/2017,19.9
30/11/2017,19
1/12/2017,18
2/12/2017,18.1
3/12/2017,19.7
4/12/2017,21.9
5/12/2017,20.3
6/12/2017,20.3
7/12/2017,21.3
8/12/2017,21.9
9/12/2017,20.6
10/12/2017,21.9
11/12/2017,22.6
12/12/2017,22.1
13/12/2017,20.4
14/12/2017,20.7
15/12/2017,19.7
16/12/2017,22
17/12/2017,21.9
18/12/2017,21
19/12/2017,20.9
20/12/2017,19.4
21/12/2017,20.6
22/12/2017,22.8
23/12/2017,21.5
24/12/2017,20.2
25/12/2017,21.5
26/12/2017,19.7
27/12/2017,18.7
28/12/2017,18.4
29/12/2017,19.8
30/12/2017,19
31/12/2017,21.2
1/01/2018,21
2/01/2018,22
3/01/2018,23.8
4/01/2018,20.4
5/01/2018,19.7
6/01/2018,19.7
7/01/2018,20.2
8/01/2018,19.2
9/01/2018,20.9
10/01/2018,21.9
11/01/2018,22.3
12/01/2018,24.6
13/01/2018,23.6
14/01/2018,22.9
15/01/2018,22.9
16/01/2018,22.3
17/01/2018,22.3
18/01/2018,20.1
19/01/2018,23.5
20/01/2018,23.9
21/01/2018,23.5
22/01/2018,22.2
23/01/2018,23.2
24/01/2018,22.9
25/01/2018,24.6
26/01/2018,23.2
27/01/2018,23.1
28/01/2018,23.9
29/01/2018,23.9
30/01/2018,23.8
31/01/2018,24.2
1/02/2018,19.1
2/02/2018,19
3/02/2018,18.8
4/02/2018,19.7
5/02/2018,18.7
6/02/2018,19.9
7/02/2018,20.8
8/02/2018,19.2
9/02/2018,18.7
10/02/2018,22.1
11/02/2018,21.1
12/02/2018,25.2
13/02/2018,22.3
14/02/2018,22.3
15/02/2018,20.9
16/02/2018,23.5
17/02/2018,22.4
18/02/2018,24.8
19/02/2018,24.1
20/02/2018,22.7
21/02/2018,18.7
22/02/2018,18.3
23/02/2018,19.4
24/02/2018,19.1
25/02/2018,20.2
26/02/2018,22.9
27/02/2018,21.9
28/02/2018,21.1
1/03/2018,22.2
2/03/2018,21.6
3/03/2018,22.9
4/03/2018,21.7
5/03/2018,21.8
6/03/2018,24
7/03/2018,20.1
8/03/2018,18.8
9/03/2018,19.7
10/03/2018,19.7
11/03/2018,19.1
12/03/2018,17
13/03/2018,18.9
14/03/2018,17.4
15/03/2018,17.4
16/03/2018,18.9
17/03/2018,19.7
18/03/2018,19.5
19/03/2018,19
20/03/2018,19.4
21/03/2018,19.2
22/03/2018,20.4
23/03/2018,19.7
24/03/2018,20.2
25/03/2018,18.9
26/03/2018,20
27/03/2018,19.5
28/03/2018,20.3
29/03/2018,21.6
30/03/2018,19
31/03/2018,19.6
1/04/2018,17.2
2/04/2018,17.3
3/04/2018,19
4/04/2018,20.1
5/04/2018,17.2
6/04/2018,18.3
7/04/2018,17.5
8/04/2018,16.1
9/04/2018,19.2
10/04/2018,14.7
11/04/2018,11.7
12/04/2018,16.2
13/04/2018,17.5
14/04/2018,17.8
15/04/2018,19.8
16/04/2018,18.2
17/04/2018,19.8
18/04/2018,14.9
19/04/2018,16.2
20/04/2018,16.8
21/04/2018,16.6
22/04/2018,15.7
23/04/2018,15.7
24/04/2018,13.4
25/04/2018,14.1
26/04/2018,15.4
27/04/2018,17.3
28/04/2018,18.1
29/04/2018,18.4
30/04/2018,17.9
1/05/2018,17.9
2/05/2018,14.3
3/05/2018,11.8
4/05/2018,14.2
5/05/2018,15.3
6/05/2018,16.3
7/05/2018,14.6
8/05/2018,14.8
9/05/2018,15.4
10/05/2018,16.9
11/05/2018,18.5
12/05/2018,17.8
13/05/2018,19.9
14/05/2018,20.1
15/05/2018,18
16/05/2018,16.6
17/05/2018,13.1
18/05/2018,14
19/05/2018,13.3
20/05/2018,14.7
21/05/2018,15.6
22/05/2018,15.1
23/05/2018,11.7
24/05/2018,14
25/05/2018,11.3
26/05/2018,13.8
27/05/2018,11.4
28/05/2018,7.2
29/05/2018,7.4
30/05/2018,7.7
31/05/2018,8.3
1/06/2018,12.7
2/06/2018,14.5
3/06/2018,14
4/06/2018,15.2
5/06/2018,13.5
6/06/2018,9.7
7/06/2018,10.6
8/06/2018,10.3
9/06/2018,12
10/06/2018,11.6
11/06/2018,11.1
12/06/2018,13.4
13/06/2018,12.1
14/06/2018,12.1
15/06/2018,14.2
16/06/2018,14.5
17/06/2018,13.6
18/06/2018,14.7
19/06/2018,14.8
20/06/2018,10.8
21/06/2018,7.6
22/06/2018,9.5
23/06/2018,11.5
24/06/2018,13.1
25/06/2018,10.2
26/06/2018,6
27/06/2018,8.7
28/06/2018,10.3
29/06/2018,6.4
30/06/2018,9.4
1/07/2018,10.5
2/07/2018,10.6
3/07/2018,6.9
4/07/2018,8.8
5/07/2018,9.4
6/07/2018,9.8
7/07/2018,10.5
8/07/2018,14.4
9/07/2018,11.8
10/07/2018,9.7
11/07/2018,10.2
12/07/2018,9.4
13/07/2018,11.5
14/07/2018,14.5
15/07/2018,10.2
16/07/2018,11.6
17/07/2018,12
18/07/2018,12.2
19/07/2018,10.9
20/07/2018,10.7
21/07/2018,12.2
22/07/2018,10.5
23/07/2018,8.9
24/07/2018,8.4
25/07/2018,12.2
26/07/2018,10.2
27/07/2018,10.7
28/07/2018,11.8
29/07/2018,13.4
30/07/2018,9.2
31/07/2018,11.7
1/08/2018,11.2
2/08/2018,13.2
3/08/2018,9.6
4/08/2018,12.3
5/08/2018,9.9
6/08/2018,11.6
7/08/2018,14.3
8/08/2018,11.2
9/08/2018,10.3
10/08/2018,12.4
11/08/2018,11.3
12/08/2018,12
13/08/2018,12.9
14/08/2018,12.6
15/08/2018,13.4
16/08/2018,15.2
17/08/2018,11.8
18/08/2018,9.1
19/08/2018,11.1
20/08/2018,12.5
21/08/2018,11.5
22/08/2018,12.4
23/08/2018,10.8
24/08/2018,11.3
25/08/2018,12.8
26/08/2018,11
27/08/2018,11.3
28/08/2018,14.9
29/08/2018,13
30/08/2018,11
31/08/2018,12.3
1/09/2018,14.5
2/09/2018,11.9
3/09/2018,8.4
4/09/2018,10.4
5/09/2018,13.1
6/09/2018,11.4
7/09/2018,13
8/09/2018,13.9
9/09/2018,13.1
10/09/2018,13.8
11/09/2018,12.3
12/09/2018,12.1
13/09/2018,14
14/09/2018,14.5
15/09/2018,15.9
16/09/2018,15.8
17/09/2018,16.1
18/09/2018,15.5
19/09/2018,15.1
20/09/2018,16.9
21/09/2018,15.1
22/09/2018,12.7
23/09/2018,14.4
24/09/2018,13
25/09/2018,12.1
26/09/2018,12.6
27/09/2018,10.4
28/09/2018,10.4
29/09/2018,10
30/09/2018,14
1/10/2018,15.6
2/10/2018,12.7
3/10/2018,14.3
4/10/2018,12.9
5/10/2018,14.8
6/10/2018,15.2
7/10/2018,15.3
8/10/2018,12.3
9/10/2018,12.2
10/10/2018,11.6
11/10/2018,15
12/10/2018,11.7
13/10/2018,10.1
14/10/2018,11.6
15/10/2018,13
16/10/2018,14.6
17/10/2018,13.8
18/10/2018,13.2
19/10/2018,13.4
20/10/2018,16.4
21/10/2018,15.8
22/10/2018,14
23/10/2018,14.7
24/10/2018,14.9
25/10/2018,17.4
26/10/2018,14.2
27/10/2018,17.6
28/10/2018,15.6
29/10/2018,15
30/10/2018,12.8
31/10/2018,16.3
1/11/2018,13.8
2/11/2018,15.3
3/11/2018,16.7
4/11/2018,15.4
5/11/2018,14.9
6/11/2018,14.8
7/11/2018,19.5
8/11/2018,18.3
9/11/2018,17.8
10/11/2018,13.3
11/11/2018,16.9
12/11/2018,14.8
13/11/2018,16.4
14/11/2018,16.8
15/11/2018,16
16/11/2018,16.1
17/11/2018,16
18/11/2018,18.2
19/11/2018,11.9
20/11/2018,10.6
21/11/2018,12.9
22/11/2018,13.3
23/11/2018,18.9
24/11/2018,17.5
25/11/2018,17.2
26/11/2018,19.1
27/11/2018,19.4
28/11/2018,18.9
29/11/2018,20.9
30/11/2018,19.3
1/12/2018,18.6
2/12/2018,20.2
3/12/2018,18.8
4/12/2018,18.5
5/12/2018,17
6/12/2018,14.4
7/12/2018,17
8/12/2018,18.8
9/12/2018,19.3
10/12/2018,17.9
11/12/2018,20.3
12/12/2018,19.9
13/12/2018,20.3
14/12/2018,19.7
15/12/2018,19.1
16/12/2018,21.3
17/12/2018,20.5
18/12/2018,20.8
19/12/2018,20.5
20/12/2018,18.4
21/12/2018,17.5
22/12/2018,20.9
23/12/2018,20
24/12/2018,18.6
25/12/2018,19
26/12/2018,19.2
27/12/2018,18.6
28/12/2018,18.8
29/12/2018,18.8
30/12/2018,20.8
31/12/2018,20.5
1/01/2019,21.5
2/01/2019,20.3
3/01/2019,22
4/01/2019,19.6
5/01/2019,19.8
6/01/2019,20.3
7/01/2019,23
8/01/2019,20.3
9/01/2019,21.9
10/01/2019,22.5
11/01/2019,24
12/01/2019,22.8
13/01/2019,21.2
14/01/2019,18.2
15/01/2019,18
16/01/2019,21.6
17/01/2019,21.5
18/01/2019,21.8
19/01/2019,23.5
20/01/2019,20.8
21/01/2019,21.7
22/01/2019,20.8
23/01/2019,23.1
24/01/2019,19.4
25/01/2019,20
26/01/2019,19.7
27/01/2019,23.1
28/01/2019,23.2
29/01/2019,25.4
30/01/2019,23.5
31/01/2019,21.1
1/02/2019,20.6
2/02/2019,23
3/02/2019,20.8
4/02/2019,20.9
5/02/2019,21.6
6/02/2019,23.7
7/02/2019,19.2
8/02/2019,20.8
9/02/2019,20.6
10/02/2019,20.8
11/02/2019,22.2
12/02/2019,21.8
13/02/2019,21.3
14/02/2019,22.6
15/02/2019,23.4
16/02/2019,20
17/02/2019,21.3
18/02/2019,20.2
19/02/2019,21.2
20/02/2019,24
21/02/2019,23.4
22/02/2019,21.5
23/02/2019,18.6
24/02/2019,18.9
25/02/2019,17.7
26/02/2019,18.4
27/02/2019,20.1
28/02/2019,19.8
1/03/2019,17.6
2/03/2019,17.8
3/03/2019,19.9
4/03/2019,21
5/03/2019,17.9
6/03/2019,20.5
7/03/2019,21.1
8/03/2019,17.1
9/03/2019,16.7
10/03/2019,18.1
11/03/2019,21
12/03/2019,20.1
13/03/2019,19.9
14/03/2019,21.8
15/03/2019,21.3
16/03/2019,22.2
17/03/2019,23.5
18/03/2019,22.4
19/03/2019,17.6
20/03/2019,18.5
21/03/2019,21.1
22/03/2019,20.5
23/03/2019,20.6
24/03/2019,19.8
25/03/2019,19.1
26/03/2019,19.8
27/03/2019,21.2
28/03/2019,19.7
29/03/2019,22.5
30/03/2019,21.5
31/03/2019,22.7
1/04/2019,19.5
2/04/2019,17.1
3/04/2019,15.9
4/04/2019,17.1
5/04/2019,18.5
6/04/2019,13.7
7/04/2019,13.3
8/04/2019,16
9/04/2019,15.1
10/04/2019,16.5
11/04/2019,17.5
12/04/2019,14.9
13/04/2019,11.5
14/04/2019,14.2
15/04/2019,14.5
16/04/2019,15.6
17/04/2019,15.8
18/04/2019,14.9
19/04/2019,14.2
20/04/2019,15.2
21/04/2019,18.7
22/04/2019,14.1
23/04/2019,13.9
24/04/2019,18
25/04/2019,18.5
26/04/2019,16
27/04/2019,17.6
28/04/2019,13.9
29/04/2019,15.4
30/04/2019,11.5
1/05/2019,11.1
2/05/2019,14.2
3/05/2019,14.6
4/05/2019,14.7
5/05/2019,16.3
6/05/2019,15.5
7/05/2019,16.3
8/05/2019,15.7
9/05/2019,18.7
10/05/2019,16.9
11/05/2019,17.3
12/05/2019,17.4
13/05/2019,14.3
14/05/2019,13.3
15/05/2019,17.3
16/05/2019,16.4
17/05/2019,13.1
18/05/2019,15.1
19/05/2019,15.1
20/05/2019,15.3
21/05/2019,14.9
22/05/2019,14.9
23/05/2019,13.9
24/05/2019,13.5
25/05/2019,14.2
26/05/2019,16.4
27/05/2019,15.8
28/05/2019,16.2
29/05/2019,13
30/05/2019,16.5
31/05/2019,12.5
1/06/2019,10.3
2/06/2019,8.3
3/06/2019,10.7
4/06/2019,13.1
5/06/2019,13.1
6/06/2019,12.4
7/06/2019,12.4
8/06/2019,12.2
9/06/2019,13
10/06/2019,11.8
11/06/2019,13.3
12/06/2019,10.3
13/06/2019,10
14/06/2019,13.5
15/06/2019,14.5
16/06/2019,12.4
17/06/2019,11.5
18/06/2019,9.4
19/06/2019,11.2
20/06/2019,14.4
21/06/2019,11.4
22/06/2019,10.9
23/06/2019,11.3
24/06/2019,12.2
25/06/2019,10
26/06/2019,8.9
27/06/2019,11.7
28/06/2019,11.5
29/06/2019,11.3
30/06/2019,12.2
1/07/2019,14.5
2/07/2019,15.3
3/07/2019,16.9
4/07/2019,12
5/07/2019,6.9
6/07/2019,7.6
7/07/2019,9.5
8/07/2019,10.4
9/07/2019,9.4
10/07/2019,12.9
11/07/2019,11.5
12/07/2019,10.3
13/07/2019,14.3
14/07/2019,11.7
15/07/2019,13
16/07/2019,12.1
17/07/2019,10.9
18/07/2019,12.1
19/07/2019,10.7
20/07/2019,10.8
21/07/2019,10.4
22/07/2019,10.9
23/07/2019,10.4
24/07/2019,10.6
25/07/2019,12.1
26/07/2019,13.3
27/07/2019,12.2
28/07/2019,13.2
29/07/2019,14.3
30/07/2019,12.2
31/07/2019,8.6
1/08/2019,9.9
2/08/2019,12.3
3/08/2019,12.4
4/08/2019,11.7
5/08/2019,9.6
6/08/2019,10.4
7/08/2019,13.1
8/08/2019,13.6
9/08/2019,13.2
10/08/2019,15.7
11/08/2019,13.7
12/08/2019,12.9
13/08/2019,13.4
14/08/2019,11.7
15/08/2019,11.7
16/08/2019,12
17/08/2019,12.9
18/08/2019,6.4
19/08/2019,11.4
20/08/2019,12.6
21/08/2019,13.3
22/08/2019,12.1
23/08/2019,9.2
24/08/2019,14.1
25/08/2019,14.3
26/08/2019,13.3
27/08/2019,10.9
28/08/2019,10.9
29/08/2019,11.2
30/08/2019,13.6
31/08/2019,9.9
1/09/2019,12.1
2/09/2019,14.6
3/09/2019,15.3
4/09/2019,16.5
5/09/2019,14.5
6/09/2019,11.6
7/09/2019,12.4
8/09/2019,13.2
9/09/2019,13.9
10/09/2019,11.6
11/09/2019,13
12/09/2019,13.8
13/09/2019,14.3
14/09/2019,11.5
15/09/2019,12.3
16/09/2019,14.8
17/09/2019,14.7
18/09/2019,13.8
19/09/2019,11
20/09/2019,11.4
21/09/2019,14.6
22/09/2019,14.2
23/09/2019,15.5
24/09/2019,12.8
25/09/2019,12
26/09/2019,12.4
27/09/2019,13
28/09/2019,11.8
29/09/2019,15.7
30/09/2019,14.6
1/10/2019,12.2
2/10/2019,10.7
3/10/2019,11.6
4/10/2019,12.6
5/10/2019,13.6
6/10/2019,14.9
7/10/2019,14.6
8/10/2019,13.2
9/10/2019,17.8
10/10/2019,17.3
11/10/2019,15.5
12/10/2019,13.7
13/10/2019,15.3
14/10/2019,13.9
15/10/2019,15.6
16/10/2019,15
17/10/2019,14
18/10/2019,17.3
19/10/2019,16
20/10/2019,14.3
21/10/2019,15.4
22/10/2019,14.2
23/10/2019,13
24/10/2019,14.1
25/10/2019,13.9
26/10/2019,14.2
27/10/2019,17.3
28/10/2019,17.3
29/10/2019,14.8
30/10/2019,16
31/10/2019,15.8
1/11/2019,15
2/11/2019,16.1
3/11/2019,17.6
4/11/2019,18.1
5/11/2019,19.2
6/11/2019,21
7/11/2019,19.6
8/11/2019,20.9
9/11/2019,20.1
10/11/2019,16.7
11/11/2019,13.7
12/11/2019,12.9
13/11/2019,16.3
14/11/2019,17
15/11/2019,15.3
16/11/2019,17.5
17/11/2019,20
18/11/2019,14.4
19/11/2019,13.6
20/11/2019,16.4
21/11/2019,15.7
22/11/2019,17
23/11/2019,18.3
24/11/2019,17.7
25/11/2019,17.3
26/11/2019,17.2
27/11/2019,19.6
28/11/2019,19.9
29/11/2019,19.7
30/11/2019,21.2
1/12/2019,20.3
2/12/2019,21.6
3/12/2019,19
4/12/2019,18.6
5/12/2019,20.2
6/12/2019,21.2
7/12/2019,21.7
8/12/2019,20.3
9/12/2019,18.2
10/12/2019,17.8
11/12/2019,19.1
12/12/2019,20.5
13/12/2019,21.3
14/12/2019,17.7
15/12/2019,21.1
16/12/2019,21.7
17/12/2019,17.1
18/12/2019,16.3
19/12/2019,17.9
20/12/2019,15.8
21/12/2019,15.9
22/12/2019,18.9
23/12/2019,19
24/12/2019,19.9
25/12/2019,17.1
26/12/2019,19.1
27/12/2019,17.1
28/12/2019,17.5
29/12/2019,16.6
30/12/2019,19.5
31/12/2019,19.9
1/01/2020,20.1
2/01/2020,19.5
3/01/2020,19
4/01/2020,17.4
5/01/2020,17.8
6/01/2020,17.6
7/01/2020,16.9
8/01/2020,17.9
9/01/2020,18.5
10/01/2020,17.3
11/01/2020,17.4
12/01/2020,19.1
13/01/2020,21.2
14/01/2020,18.1
15/01/2020,18.6
16/01/2020,19.1
17/01/2020,18.5
18/01/2020,19.8
19/01/2020,21.1
20/01/2020,22.9
21/01/2020,21.1
22/01/2020,19
23/01/2020,23
24/01/2020,22.4
25/01/2020,22.5
26/01/2020,22.6
27/01/2020,21.8
28/01/2020,22.5
29/01/2020,22.4
30/01/2020,22.2
31/01/2020,22.3
1/02/2020,22.6
2/02/2020,22.5
3/02/2020,22.6
4/02/2020,23.6
5/02/2020,18.5
6/02/2020,20.5
7/02/2020,20.9
8/02/2020,21.3
9/02/2020,17.2
10/02/2020,17.6
11/02/2020,19
12/02/2020,20.4
13/02/2020,20
14/02/2020,24
15/02/2020,22.4
16/02/2020,23.2
17/02/2020,23
18/02/2020,24.3
19/02/2020,23.5
20/02/2020,22.4
21/02/2020,24.1
22/02/2020,18.2
23/02/2020,18.8
24/02/2020,19.3
25/02/2020,19.7
26/02/2020,23
27/02/2020,21.8
28/02/2020,22
29/02/2020,21
1/03/2020,23.7
2/03/2020,21.8
3/03/2020,23.8
4/03/2020,21.5
5/03/2020,18.6
6/03/2020,18.8
7/03/2020,19.3
8/03/2020,21.8
9/03/2020,20.6
10/03/2020,19.3
11/03/2020,18.7
12/03/2020,17.2
13/03/2020,18.2
14/03/2020,18
15/03/2020,19.1
16/03/2020,18.5
17/03/2020,15.4
18/03/2020,15.3
19/03/2020,19.2
20/03/2020,17.4
21/03/2020,19.1
22/03/2020,21.6
23/03/2020,18.6
24/03/2020,15.2
25/03/2020,15.5
26/03/2020,16.9
27/03/2020,15.6
28/03/2020,15.6
29/03/2020,18.2
30/03/2020,16.6
31/03/2020,17.8
1/04/2020,17.5
2/04/2020,17.4
3/04/2020,17.1
4/04/2020,18.6
5/04/2020,16.9
6/04/2020,16.2
7/04/2020,17.6
8/04/2020,18.1
9/04/2020,14.2
10/04/2020,13.7
11/04/2020,14.8
12/04/2020,18.7
13/04/2020,17.7
14/04/2020,15.5
15/04/2020,15.5
16/04/2020,16.8
17/04/2020,19.3
18/04/2020,17.6
19/04/2020,17
20/04/2020,17.3
21/04/2020,12.5
22/04/2020,16.5
23/04/2020,18
24/04/2020,16.5
25/04/2020,15.3
26/04/2020,13.4
27/04/2020,17.8
28/04/2020,14.2
29/04/2020,15.4
30/04/2020,14.5
1/05/2020,16.6
2/05/2020,19.7
3/05/2020,15.6
4/05/2020,16.2
5/05/2020,13.2
6/05/2020,8.9
7/05/2020,14.2
8/05/2020,12.9
9/05/2020,15.7
10/05/2020,16
11/05/2020,15.8
12/05/2020,14.9
13/05/2020,14.3
14/05/2020,14.5
15/05/2020,14.7
16/05/2020,14.7
17/05/2020,14.8
18/05/2020,12.8
19/05/2020,11.6
20/05/2020,10.5
21/05/2020,12.8
22/05/2020,11.5
23/05/2020,11.9
24/05/2020,16.9
25/05/2020,16.3
26/05/2020,16.3
27/05/2020,12.4
28/05/2020,14.6
29/05/2020,13.3
30/05/2020,14.5
31/05/2020,14.3
1/06/2020,16
2/06/2020,12.2
3/06/2020,13.7
4/06/2020,13
5/06/2020,14
6/06/2020,12.2
7/06/2020,10.8
8/06/2020,10.5
9/06/2020,10.8
10/06/2020,12.1
11/06/2020,13
12/06/2020,12.3
13/06/2020,14.2
14/06/2020,11.5
15/06/2020,13.9
16/06/2020,13.3
17/06/2020,15.4
18/06/2020,10.7
19/06/2020,12.1
20/06/2020,14.8
21/06/2020,13.5
22/06/2020,14.1
23/06/2020,14.5
24/06/2020,14.6
25/06/2020,13.3
26/06/2020,15.5
27/06/2020,13.4
28/06/2020,11.1
29/06/2020,11.9
30/06/2020,10.8
1/07/2020,8.3
2/07/2020,7.4
3/07/2020,9.3
4/07/2020,11
5/07/2020,12.3
6/07/2020,9.9
7/07/2020,11.5
8/07/2020,9.5
9/07/2020,7
10/07/2020,9.6
11/07/2020,8.3
12/07/2020,11.4
13/07/2020,15
14/07/2020,13.3
15/07/2020,13.1
16/07/2020,12.6
17/07/2020,14
18/07/2020,15.6
19/07/2020,13.5
20/07/2020,15
21/07/2020,11.7
22/07/2020,11.9
23/07/2020,13.8
24/07/2020,9.9
25/07/2020,9.4
26/07/2020,9.4
27/07/2020,11.4
28/07/2020,12
29/07/2020,11.7
30/07/2020,13.4
31/07/2020,13.6
1/08/2020,13.6
2/08/2020,12.2
3/08/2020,12.5
4/08/2020,11.2
5/08/2020,13.8
6/08/2020,14.3
7/08/2020,12.9
8/08/2020,9.1
9/08/2020,11.3
10/08/2020,11.2
11/08/2020,13.5
12/08/2020,11.4
13/08/2020,11.7
14/08/2020,9.8
15/08/2020,7.6
16/08/2020,9.7
17/08/2020,12.8
18/08/2020,14
19/08/2020,13.8
20/08/2020,15
21/08/2020,12.9
22/08/2020,14.5
23/08/2020,13.9
24/08/2020,12.4
25/08/2020,11.8
26/08/2020,10.4
27/08/2020,10.5
28/08/2020,10.7
29/08/2020,11.9
30/08/2020,14.7
31/08/2020,14.1
1/09/2020,13.2
2/09/2020,10.5
3/09/2020,7.8
4/09/2020,12.1
5/09/2020,12.2
6/09/2020,14.8
7/09/2020,9.6
8/09/2020,9.9
9/09/2020,13.2
10/09/2020,11.3
11/09/2020,10.9
12/09/2020,11.9
13/09/2020,14.2
14/09/2020,13.9
15/09/2020,14.6
16/09/2020,11.5
17/09/2020,14.9
18/09/2020,13
19/09/2020,10.2
20/09/2020,12.9
21/09/2020,11.3
22/09/2020,13.1
23/09/2020,17.4
24/09/2020,16
25/09/2020,14.7
26/09/2020,17.6
27/09/2020,15.6
28/09/2020,14.1
29/09/2020,11.7
30/09/2020,9.9
1/10/2020,11.2
2/10/2020,11.3
3/10/2020,12.7
4/10/2020,16.3
5/10/2020,16.6
6/10/2020,15.1
7/10/2020,15.5
8/10/2020,16.2
9/10/2020,15.4
10/10/2020,16.4
11/10/2020,17.5
12/10/2020,16.7
13/10/2020,12.6
14/10/2020,13.2
15/10/2020,12.6
16/10/2020,10.5
17/10/2020,11.4
18/10/2020,16.7
19/10/2020,17.5
20/10/2020,18.2
21/10/2020,17.6
22/10/2020,17.5
23/10/2020,18.1
24/10/2020,19.6
25/10/2020,17.7
26/10/2020,17.2
27/10/2020,18.2
28/10/2020,18.9
29/10/2020,18.9
30/10/2020,19.1
31/10/2020,18.1
1/11/2020,15.4
2/11/2020,20.8
3/11/2020,20.2
4/11/2020,19
5/11/2020,17.4
6/11/2020,17.8
7/11/2020,19.6
8/11/2020,15.7
9/11/2020,15.9
10/11/2020,14.5
11/11/2020,15.7
12/11/2020,14.8
13/11/2020,16.6
14/11/2020,16.1
15/11/2020,15.5
16/11/2020,17.9
17/11/2020,18.3
18/11/2020,17.5
19/11/2020,15.2
20/11/2020,16
21/11/2020,18
22/11/2020,14.7
23/11/2020,15.2
24/11/2020,16.4
25/11/2020,19.5
26/11/2020,17.5
27/11/2020,17.7
28/11/2020,14.5
29/11/2020,16.3
30/11/2020,19
1/12/2020,15.1
2/12/2020,19.3
3/12/2020,16.8
4/12/2020,17.2
5/12/2020,17.2
6/12/2020,18.9
7/12/2020,21.9
8/12/2020,20.1
9/12/2020,22.7
10/12/2020,19.2
11/12/2020,18
12/12/2020,17.4
13/12/2020,16.7
14/12/2020,17.8
15/12/2020,18.3
16/12/2020,18.4
17/12/2020,17.3
18/12/2020,20.4
19/12/2020,19.8
20/12/2020,19.5
21/12/2020,21.9
22/12/2020,19.6
23/12/2020,21.2
24/12/2020,19.7
25/12/2020,17
26/12/2020,16.8
27/12/2020,15.7
28/12/2020,16.6
29/12/2020,18.5
30/12/2020,18.3
31/12/2020,17.9
1/01/2021,21.6
2/01/2021,19.7
3/01/2021,18.7
4/01/2021,20.3
5/01/2021,21.2
6/01/2021,21.1
7/01/2021,21.8
8/01/2021,20.2
9/01/2021,21
10/01/2021,20.8
11/01/2021,18.7
12/01/2021,21.4
13/01/2021,20.9
14/01/2021,21.9
15/01/2021,20.5
16/01/2021,18.1
17/01/2021,20.4
18/01/2021,19.4
19/01/2021,20.2
20/01/2021,14.1
21/01/2021,16.4
22/01/2021,18.2
23/01/2021,19
24/01/2021,18.7
25/01/2021,21.9
26/01/2021,22
27/01/2021,22.4
28/01/2021,21
29/01/2021,17.6
30/01/2021,17.8
31/01/2021,19.2
1/02/2021,19.8
2/02/2021,19.7
3/02/2021,20.6
4/02/2021,21.8
5/02/2021,20.4
6/02/2021,21.8
7/02/2021,20.2
8/02/2021,21.9
9/02/2021,21.8
10/02/2021,19.3
11/02/2021,17.7
12/02/2021,17.5
13/02/2021,20.8
14/02/2021,21.7
15/02/2021,20.3
16/02/2021,19.8
17/02/2021,18.9
18/02/2021,16.9
19/02/2021,18.3
20/02/2021,18.7
21/02/2021,21.3
22/02/2021,22.2
23/02/2021,22.5
24/02/2021,22.4
25/02/2021,21.3
26/02/2021,20.6
27/02/2021,21.5
28/02/2021,21.3
1/03/2021,21.1
2/03/2021,22.1
3/03/2021,20.2
4/03/2021,18
5/03/2021,18.2
6/03/2021,18.4
7/03/2021,19.9
8/03/2021,19.2
9/03/2021,17.3
10/03/2021,20
11/03/2021,18.3
12/03/2021,19.4
13/03/2021,17.8
14/03/2021,20
15/03/2021,20.6
16/03/2021,16.9
17/03/2021,20
18/03/2021,18.6
19/03/2021,17.3
20/03/2021,16.3
21/03/2021,16.9
22/03/2021,18.4
23/03/2021,16.1
24/03/2021,16.9
25/03/2021,18.5
26/03/2021,20.5
27/03/2021,21.4
28/03/2021,20.6
29/03/2021,21.5
30/03/2021,20.9
31/03/2021,17.5
1/04/2021,15.4
2/04/2021,17.6
3/04/2021,16.8
4/04/2021,17.9
5/04/2021,19.6
6/04/2021,20.6
7/04/2021,18.6
8/04/2021,19.6
9/04/2021,19.4
10/04/2021,18.6
11/04/2021,19.9
12/04/2021,20.1
13/04/2021,17.4
14/04/2021,14.9
15/04/2021,17
16/04/2021,18.7
17/04/2021,14.3
18/04/2021,15.1
19/04/2021,15.5
20/04/2021,17
21/04/2021,17.1
22/04/2021,14.6
23/04/2021,16.6
24/04/2021,15.6
25/04/2021,13.6
26/04/2021,14.5
27/04/2021,15.4
28/04/2021,13
29/04/2021,13.2
30/04/2021,15.6
1/05/2021,12.7
2/05/2021,10.5
3/05/2021,14.2
4/05/2021,14.7
5/05/2021,14.1
6/05/2021,16.1
7/05/2021,18.5
8/05/2021,17.9
9/05/2021,19.1
10/05/2021,17.2
11/05/2021,18.4
12/05/2021,15
13/05/2021,10.4
14/05/2021,13.8
15/05/2021,13.6
16/05/2021,16.3
17/05/2021,15
18/05/2021,15.7
19/05/2021,15.8
20/05/2021,16.2
21/05/2021,14.2
22/05/2021,13.3
23/05/2021,14.2
24/05/2021,14.5
25/05/2021,12.7
26/05/2021,11.1
27/05/2021,9.3
28/05/2021,12.5
29/05/2021,13
30/05/2021,12.4
31/05/2021,12.3
1/06/2021,10.5
2/06/2021,13.5
3/06/2021,13.8
4/06/2021,12.9
5/06/2021,14.8
6/06/2021,14.7
7/06/2021,14
8/06/2021,14.3
9/06/2021,15.4
10/06/2021,15.8
11/06/2021,14.1
12/06/2021,14.6
13/06/2021,15.5
14/06/2021,14.4
15/06/2021,13.9
16/06/2021,13.3
17/06/2021,13.7
18/06/2021,13.9
19/06/2021,16.3
20/06/2021,14.6
21/06/2021,15
22/06/2021,10.1
23/06/2021,7.7
24/06/2021,10.1
25/06/2021,11.5
26/06/2021,13.9
27/06/2021,14.2
28/06/2021,13.8
29/06/2021,5.4
30/06/2021,8.3
1/07/2021,10.5
2/07/2021,9.2
3/07/2021,7.4
4/07/2021,8.1
5/07/2021,10.1
6/07/2021,14.2
7/07/2021,12.8
8/07/2021,11.8
9/07/2021,12.1
10/07/2021,12.2
11/07/2021,10.5
12/07/2021,9.5
13/07/2021,6.8
14/07/2021,8.9
15/07/2021,9.9
16/07/2021,13.8
17/07/2021,14.7
18/07/2021,14.6
19/07/2021,12
20/07/2021,10.9
21/07/2021,12.7
22/07/2021,11.9
23/07/2021,9.5
24/07/2021,12.7
25/07/2021,13.7
26/07/2021,13.9
27/07/2021,11.8
28/07/2021,11.3
29/07/2021,12.6
30/07/2021,14.9
31/07/2021,12.6
1/08/2021,12.3
2/08/2021,13.8
3/08/2021,9.5
4/08/2021,12.5
5/08/2021,12.1
6/08/2021,13.1
7/08/2021,12
8/08/2021,11.3
9/08/2021,6.5
10/08/2021,10.3
11/08/2021,11
12/08/2021,12.2
13/08/2021,10.4
14/08/2021,11.9
15/08/2021,11.1
16/08/2021,10.5
17/08/2021,13.2
18/08/2021,10.1
19/08/2021,12
20/08/2021,11
21/08/2021,11.8
22/08/2021,10
23/08/2021,11.7
24/08/2021,13.4
25/08/2021,14.5
26/08/2021,14.8
27/08/2021,14.2
28/08/2021,13.7
29/08/2021,13.4
30/08/2021,14.7
31/08/2021,13.5
1/09/2021,10.7
2/09/2021,11.5
3/09/2021,11.6
4/09/2021,12.9
5/09/2021,11.9
6/09/2021,15.2
7/09/2021,12.2
8/09/2021,10.9
9/09/2021,14.6
10/09/2021,13.9
11/09/2021,10.4
12/09/2021,11
13/09/2021,15
14/09/2021,15
15/09/2021,14.6
16/09/2021,16.3
17/09/2021,10.4
18/09/2021,10.2
19/09/2021,12.1
20/09/2021,12.1
21/09/2021,14.6
22/09/2021,15.8
23/09/2021,14.5
24/09/2021,12.2
25/09/2021,15.8
26/09/2021,13.5
27/09/2021,9.8
28/09/2021,10.9
29/09/2021,13
30/09/2021,14.1
1/10/2021,13.8
2/10/2021,12.4
3/10/2021,15.3
4/10/2021,16.8
5/10/2021,17
6/10/2021,18.4
7/10/2021,15.8
8/10/2021,15.6
9/10/2021,14.8
10/10/2021,15
11/10/2021,15.2
12/10/2021,13.1
13/10/2021,12.3
14/10/2021,11.9
15/10/2021,12.8
16/10/2021,16.5
17/10/2021,17.2
18/10/2021,15.2
19/10/2021,14.8
20/10/2021,17.4
21/10/2021,15.4
22/10/2021,15.1
23/10/2021,15.1
24/10/2021,15.9
25/10/2021,19
26/10/2021,19.6
27/10/2021,18.5
28/10/2021,16.4
29/10/2021,16.2
30/10/2021,18.5
31/10/2021,14.6
1/11/2021,13.4
2/11/2021,16.8
3/11/2021,13.6
4/11/2021,17.9
5/11/2021,17.6
6/11/2021,17.2
7/11/2021,18.1
8/11/2021,16.2
9/11/2021,17.4
10/11/2021,18.1
11/11/2021,19.8
12/11/2021,21.1
13/11/2021,20
14/11/2021,19.3
15/11/2021,19.4
16/11/2021,20
17/11/2021,16.3
18/11/2021,14.7
19/11/2021,16.2
20/11/2021,19.9
21/11/2021,21.1
22/11/2021,19.7
23/11/2021,20.3
24/11/2021,17
25/11/2021,16.1
26/11/2021,17.4
27/11/2021,18.9
28/11/2021,19.3
29/11/2021,19.8
30/11/2021,20.6
1/12/2021,20.3
2/12/2021,20.8
3/12/2021,22.1
4/12/2021,20.2
5/12/2021,22.1
6/12/2021,22.5
7/12/2021,21
8/12/2021,21.4
9/12/2021,22.6
10/12/2021,22.1
11/12/2021,23.6
12/12/2021,20.9
13/12/2021,21.1
14/12/2021,20.1
15/12/2021,20.4
16/12/2021,20.3
17/12/2021,19
18/12/2021,18.4
19/12/2021,16.4
20/12/2021,19.3
21/12/2021,21.2
22/12/2021,21.2
23/12/2021,22.1
24/12/2021,20.8
25/12/2021,22.5
26/12/2021,22
27/12/2021,23.2
28/12/2021,21
29/12/2021,19.9
30/12/2021,20.2
31/12/2021,20.6
1/01/2022,20.1
2/01/2022,21.2
3/01/2022,21.9
4/01/2022,23.5
5/01/2022,22.7
6/01/2022,22.4
7/01/2022,20
8/01/2022,21
9/01/2022,22.9
10/01/2022,21
11/01/2022,22.1
12/01/2022,21.6
13/01/2022,21.2
14/01/2022,20.9
15/01/2022,20.4
16/01/2022,21.1
17/01/2022,23
18/01/2022,21
19/01/2022,22.5
20/01/2022,20.2
21/01/2022,18.6
22/01/2022,20.3
23/01/2022,22.6
24/01/2022,19.8
25/01/2022,22.3
26/01/2022,22.9
27/01/2022,20.3
28/01/2022,20
29/01/2022,20
30/01/2022,21.8
31/01/2022,23.8
1/02/2022,23
2/02/2022,24
3/02/2022,24
4/02/2022,24.8
5/02/2022,23.9
6/02/2022,22.1
7/02/2022,21.8
8/02/2022,25.8
9/02/2022,24.9
10/02/2022,25.4
11/02/2022,25
12/02/2022,23.7
13/02/2022,17.7
14/02/2022,18.2
15/02/2022,18.7
16/02/2022,18.3
17/02/2022,18.8
18/02/2022,22.1
19/02/2022,19.9
20/02/2022,20.7
21/02/2022,22.3
22/02/2022,21.9
23/02/2022,24
24/02/2022,21.3
25/02/2022,20.6
26/02/2022,20.3
27/02/2022,21.9
28/02/2022,20.2
1/03/2022,20.6
2/03/2022,19
3/03/2022,20.6
4/03/2022,21.4
5/03/2022,20.3
6/03/2022,21.3
7/03/2022,21.5
8/03/2022,21.4
9/03/2022,21.4
10/03/2022,21.1
11/03/2022,21.6
12/03/2022,22.7
13/03/2022,20.9
14/03/2022,20.8
15/03/2022,21.7
16/03/2022,19.9
17/03/2022,19.9
18/03/2022,19
19/03/2022,20.2
20/03/2022,20.2
21/03/2022,22.2
22/03/2022,22.5
23/03/2022,20.1
24/03/2022,21
25/03/2022,19.8
26/03/2022,17
27/03/2022,17.2
28/03/2022,18.3
29/03/2022,20
30/03/2022,20.8
31/03/2022,20.9
1/04/2022,19.1
2/04/2022,20
3/04/2022,19
4/04/2022,19.9
5/04/2022,19.6
6/04/2022,20
7/04/2022,16
8/04/2022,17.3
9/04/2022,17.4
10/04/2022,16.1
11/04/2022,20.2
12/04/2022,19.2
13/04/2022,14.7
14/04/2022,14.6
15/04/2022,15.4
16/04/2022,17.5
17/04/2022,19.3
18/04/2022,18.4
19/04/2022,20.5
20/04/2022,21.3
21/04/2022,21
22/04/2022,17.4
23/04/2022,15.3
24/04/2022,16.7
25/04/2022,13.9
26/04/2022,17.4
27/04/2022,16.2
28/04/2022,16.3
29/04/2022,15.6
30/04/2022,16.1
1/05/2022,16.3
2/05/2022,16.4
3/05/2022,16.8
4/05/2022,16.4
5/05/2022,15.1
6/05/2022,15.5
7/05/2022,14.2
8/05/2022,14.8
9/05/2022,14.7
10/05/2022,12.6
11/05/2022,10.6
12/05/2022,10.2
13/05/2022,14.9
14/05/2022,16
15/05/2022,19
16/05/2022,18.2
17/05/2022,19.4
18/05/2022,17.8
19/05/2022,14.7
20/05/2022,14.3
21/05/2022,15.6
22/05/2022,15.4
23/05/2022,14
24/05/2022,15
25/05/2022,13.9
26/05/2022,12.8
27/05/2022,11.8
28/05/2022,14.9
29/05/2022,17
30/05/2022,16
31/05/2022,17.5
1/06/2022,17.9
2/06/2022,14
3/06/2022,12.4
4/06/2022,14.3
5/06/2022,15.1
6/06/2022,13.9
7/06/2022,13.3
8/06/2022,14.7
9/06/2022,12.5
10/06/2022,15.1
11/06/2022,14.8
12/06/2022,15
13/06/2022,13.2
14/06/2022,14.3
15/06/2022,13.7
16/06/2022,13.2
17/06/2022,11.1
18/06/2022,14
19/06/2022,11.9
20/06/2022,9.5
21/06/2022,9.2
22/06/2022,9
23/06/2022,11.6
24/06/2022,11.9
25/06/2022,12.8
26/06/2022,12.3
27/06/2022,11.7
28/06/2022,12.6
29/06/2022,12.1
30/06/2022,14.6
1/07/2022,13
2/07/2022,10.7
3/07/2022,11.2
4/07/2022,12.1
5/07/2022,13.6
6/07/2022,12.6
7/07/2022,15
8/07/2022,17
9/07/2022,14
10/07/2022,14.9
11/07/2022,15.7
12/07/2022,15.7
13/07/2022,13.3
14/07/2022,11.4
15/07/2022,10.9
16/07/2022,9.6
17/07/2022,9.3
18/07/2022,12.4
19/07/2022,15.2
20/07/2022,11.7
21/07/2022,10.4
22/07/2022,9.8
23/07/2022,12
24/07/2022,13.2
25/07/2022,14.7
26/07/2022,14.8
27/07/2022,13.5
28/07/2022,13.2
29/07/2022,10.4
30/07/2022,13.1
31/07/2022,10
1/08/2022,9.2
2/08/2022,11.4
3/08/2022,13.2
4/08/2022,12.5
5/08/2022,11.1
6/08/2022,12.9
7/08/2022,12.1
8/08/2022,13.6
9/08/2022,12.4
10/08/2022,11
11/08/2022,8.9
12/08/2022,10.8
13/08/2022,10.5
14/08/2022,10.1
15/08/2022,12.8
16/08/2022,16.5
17/08/2022,16.3
18/08/2022,16.5
19/08/2022,16.1
20/08/2022,15.5
21/08/2022,16.5
22/08/2022,13.1
23/08/2022,12.7
24/08/2022,13.5
25/08/2022,14.6
26/08/2022,14.7
27/08/2022,12.7
28/08/2022,11.9
29/08/2022,11.8
30/08/2022,10.7
31/08/2022,11.3
1/09/2022,11.8
2/09/2022,10.6
3/09/2022,13.7
4/09/2022,11.8
5/09/2022,11.3
6/09/2022,7.7
7/09/2022,9.6
8/09/2022,10.5
9/09/2022,13.5
10/09/2022,11.7
11/09/2022,15.6
12/09/2022,16
13/09/2022,13.9
14/09/2022,9.6
15/09/2022,10.4
16/09/2022,11.8
17/09/2022,11.6
18/09/2022,16.2
19/09/2022,15.2
20/09/2022,15.2
21/09/2022,13.7
22/09/2022,14
23/09/2022,13.6
24/09/2022,15.9
25/09/2022,16.7
26/09/2022,15.3
27/09/2022,15.3
28/09/2022,16.3
29/09/2022,17.6
30/09/2022,17.4
1/10/2022,15.5
2/10/2022,16.5
3/10/2022,13.2
4/10/2022,14.3
5/10/2022,13
6/10/2022,7.4
7/10/2022,9.6
8/10/2022,14.7
9/10/2022,16
10/10/2022,14.6
11/10/2022,16.5
12/10/2022,14.4
13/10/2022,16.2
14/10/2022,12.7
15/10/2022,13.8
16/10/2022,15
17/10/2022,16.4
18/10/2022,14.1
19/10/2022,13.8
20/10/2022,15.8
21/10/2022,15.1
22/10/2022,12.3
23/10/2022,14.8
24/10/2022,16.9
25/10/2022,17.3
26/10/2022,15.7
27/10/2022,18.8
28/10/2022,19.9
29/10/2022,19.3
30/10/2022,17.6
31/10/2022,18.9
1/11/2022,17.8
2/11/2022,20.2
3/11/2022,16.2
4/11/2022,16.4
5/11/2022,15.3
6/11/2022,17.8
7/11/2022,16.5
8/11/2022,15.5
9/11/2022,16.8
10/11/2022,17.5
11/11/2022,18.4
12/11/2022,19.6
13/11/2022,17.6
14/11/2022,19.3
15/11/2022,19.6
16/11/2022,21.2
17/11/2022,17.4
18/11/2022,16.1
19/11/2022,18.2
20/11/2022,17.8
21/11/2022,16.7
22/11/2022,17.7
23/11/2022,17.5
24/11/2022,16
25/11/2022,16.7
26/11/2022,15.8
27/11/2022,17.3
28/11/2022,15.7
29/11/2022,19.3
30/11/2022,17.8
1/12/2022,17.4
2/12/2022,17.1
3/12/2022,16.2
4/12/2022,17.9
5/12/2022,14.9
6/12/2022,18.4
7/12/2022,17.9
8/12/2022,18.2
9/12/2022,19.7
10/12/2022,21.1
11/12/2022,18.4
12/12/2022,20.2
13/12/2022,20.9
14/12/2022,19.6
15/12/2022,21.8
16/12/2022,22.8
17/12/2022,19.2
18/12/2022,19
19/12/2022,21.5
20/12/2022,20.4
21/12/2022,21.2
22/12/2022,20.6
23/12/2022,20.2
24/12/2022,18.9
25/12/2022,21.3
26/12/2022,21.9
27/12/2022,22.9
28/12/2022,22.7
29/12/2022,22.2
30/12/2022,20.8
31/12/2022,21
1/01/2023,20.5
2/01/2023,20
3/01/2023,20.9
4/01/2023,19.5
5/01/2023,19.9
6/01/2023,20.3
7/01/2023,20.6
8/01/2023,23.3
9/01/2023,21.3
10/01/2023,18
11/01/2023,19.7
12/01/2023,19.8
13/01/2023,19.6
14/01/2023,20.1
15/01/2023,19.6
16/01/2023,20.1
17/01/2023,18.3
18/01/2023,21.2
19/01/2023,20.9
20/01/2023,20.8
21/01/2023,21.1
22/01/2023,21.2
23/01/2023,19.8
24/01/2023,21.1
25/01/2023,20.8
26/01/2023,22.3
27/01/2023,19.8
28/01/2023,23.1
29/01/2023,21.2
30/01/2023,20.3
31/01/2023,21.2
1/02/2023,23.5
2/02/2023,24.6
3/02/2023,22
4/02/2023,22.5
5/02/2023,21.5
6/02/2023,19.3
7/02/2023,18.5
8/02/2023,20.6
9/02/2023,18.7
10/02/2023,21.4
11/02/2023,20
12/02/2023,17.2
13/02/2023,16.8
14/02/2023,19.3
15/02/2023,20.5
16/02/2023,19.2
17/02/2023,19.3
18/02/2023,19.8
19/02/2023,20
20/02/2023,20.1
21/02/2023,20.4
22/02/2023,21
23/02/2023,20.6
24/02/2023,16.2
25/02/2023,18.4
26/02/2023,21
27/02/2023,19.9
28/02/2023,18.7
1/03/2023,18.9
2/03/2023,18.8
3/03/2023,21.3
4/03/2023,21.9
5/03/2023,19.3
6/03/2023,17.8
7/03/2023,17
8/03/2023,18.1
9/03/2023,20.3
10/03/2023,20.5
11/03/2023,18.7
12/03/2023,19.6
13/03/2023,18.2
14/03/2023,16
15/03/2023,17.6
16/03/2023,19.4
17/03/2023,21
18/03/2023,18.6
19/03/2023,17.4
20/03/2023,18.1
21/03/2023,15.8
22/03/2023,14.9
23/03/2023,15.5
24/03/2023,16.5
25/03/2023,16.9
26/03/2023,19.8
27/03/2023,18.1
28/03/2023,17.4
29/03/2023,12.1
30/03/2023,13.5
31/03/2023,16.7
1/04/2023,19.7
2/04/2023,19.8
3/04/2023,17.8
4/04/2023,14.9
5/04/2023,16.2
6/04/2023,15.9
7/04/2023,18.3
8/04/2023,15.5
9/04/2023,18.3
10/04/2023,18.3
11/04/2023,19
12/04/2023,16.2
13/04/2023,19.5
14/04/2023,18.6
15/04/2023,17.8
16/04/2023,19
17/04/2023,19.6
18/04/2023,21.3
19/04/2023,22.2
20/04/2023,21.5
21/04/2023,19.6
22/04/2023,19.5
23/04/2023,18.5
24/04/2023,11.8
25/04/2023,15.5
26/04/2023,16.2
27/04/2023,16.7
28/04/2023,16.4
29/04/2023,17.2
30/04/2023,18.7
